{
  "План на отметке  0,0.pdf" : { },
  "План на отметке -4,8.pdf" : { },
  "План на отметке  +13,2.pdf" : {
    "А-51/2" : {
      "page" : 1,
      "x" : 590.6666666666666,
      "y" : 286.3333333333333,
      "width" : 5.0,
      "height" : 5.0,
      "zoom" : 2.0,
      "label" : "А-51/2",
      "comment" : "",
      "marker_type" : "square:#FF0000:5"
    },
    "А-51/1" : {
      "page" : 1,
      "x" : 595.6666666666666,
      "y" : 286.3333333333333,
      "width" : 5.0,
      "height" : 5.0,
      "zoom" : 2.0,
      "label" : "А-51/1",
      "comment" : "",
      "marker_type" : "square:#FF0000:5"
    },
    "Ж-306" : {
      "page" : 1,
      "x" : 586.4615384615385,
      "y" : 286.15384615384613,
      "width" : 5.0,
      "height" : 5.0,
      "zoom" : 1.0,
      "label" : "Ж-306",
      "comment" : "",
      "marker_type" : "square:#FF0000:5"
    },
    "Ж-305" : {
      "page" : 1,
      "x" : 580.7272727272727,
      "y" : 286.1818181818182,
      "width" : 5.0,
      "height" : 5.0,
      "zoom" : 1.0,
      "label" : "Ж-305",
      "comment" : "",
      "marker_type" : "square:#FF0000:5"
    },
    "А-148" : {
      "page" : 1,
      "x" : 588.727273,
      "y" : 269.818182,
      "width" : 5.0,
      "height" : 5.0,
      "zoom" : 1.0,
      "label" : "А-148",
      "comment" : "",
      "marker_type" : "square:#FF0000:5"
    },
    "А-86/2" : {
      "page" : 1,
      "x" : 604.0,
      "y" : 270.0,
      "width" : 5.0,
      "height" : 5.0,
      "zoom" : 1.0,
      "label" : "А-86/2",
      "comment" : "",
      "marker_type" : "square:#FF0000:5"
    },
    "А-86/3" : {
      "page" : 1,
      "x" : 607.3846153846154,
      "y" : 269.84615384615387,
      "width" : 5.0,
      "height" : 5.0,
      "zoom" : 1.0,
      "label" : "А-86/3",
      "comment" : "",
      "marker_type" : "square:#FF0000:5"
    },
    "Д-5" : {
      "page" : 1,
      "x" : 611.1111111111111,
      "y" : 266.6666666666667,
      "width" : 5.0,
      "height" : 5.0,
      "zoom" : 1.0,
      "label" : "Д-5",
      "comment" : "",
      "marker_type" : "square:#FF0000:5"
    }
  }
}